,     <HIST> , SNY03                  , SMMU-2      , SWITCH    , 2017-07-09  02:58:43.42, *   , DISTUR , ........    ,                       , MTA_IX                           , 3152, 1575 COMPONENT NOT ACCEPTED BY REMOTE END                            ,     24 17 06 00 0E 97 84 91 21 29 27 16 11 FF FF 
,     <HIST> , SNY03                  , SMMU-2      , SWITCH    , 2017-07-09  09:13:54.53, *   , DISTUR , ........    ,                       , MTA_IX                           , 3152, 1575 COMPONENT NOT ACCEPTED BY REMOTE END                            ,     24 17 06 00 0E 97 84 91 10 53 54 54 65 FF FF 
,     <HIST> , SNX05                  , SMMU-3      , SWITCH    , 2017-07-09  04:38:34.08, *   , DISTUR , ........    ,                       , MTA_IX                           , 3152, 1575 COMPONENT NOT ACCEPTED BY REMOTE END                            ,     24 17 06 00 0E 97 84 91 21 36 29 72 55 FF FF 
,     <HIST> , SNX05                  , IPPU-6      , SWITCH    , 2017-07-09  05:32:46.40, *   , ALARM  , IPPU-6      , 1A003-00-10           , GLP_GX                           , 6201, 3152 LIB CONNECTION FAILURE                                          ,     C0 11 13 0D 00 00 00 00 00 00 00 00 00 00 00 00 
,     <HIST> , SNX05                  , IPPU-6      , SWITCH    , 2017-07-09  05:33:43.75, .   , CANCEL , IPPU-6      , 1A003-00-10           , GLP_GX                           , 6201, 3152 LIB CONNECTION FAILURE                                          ,     C0 11 13 0D 00 00 00 00 00 00 00 00 00 00 00 00 
,     <HIST> , SNX05                  , IPPU-6      , SWITCH    , 2017-07-09  05:34:38.61, *   , ALARM  , IPPU-6      , 1A003-00-10           , GLP_GX                           , 6202, 3152 LIB CONNECTION FAILURE                                          ,     C0 11 13 0D 00 00 00 00 00 00 00 00 00 00 00 00 
,     <HIST> , SNX05                  , IPPU-6      , SWITCH    , 2017-07-09  05:35:39.01, .   , CANCEL , IPPU-6      , 1A003-00-10           , GLP_GX                           , 6202, 3152 LIB CONNECTION FAILURE                                          ,     C0 11 13 0D 00 00 00 00 00 00 00 00 00 00 00 00 
,     <HIST> , SNX05                  , IPPU-6      , SWITCH    , 2017-07-09  05:39:02.91, *   , ALARM  , IPPU-6      , 1A003-00-10           , GLP_GX                           , 6204, 3152 LIB CONNECTION FAILURE                                          ,     C0 11 13 0D 00 00 00 00 00 00 00 00 00 00 00 00 
,     <HIST> , SNX05                  , IPPU-6      , SWITCH    , 2017-07-09  05:40:04.65, .   , CANCEL , IPPU-6      , 1A003-00-10           , GLP_GX                           , 6204, 3152 LIB CONNECTION FAILURE                                          ,     C0 11 13 0D 00 00 00 00 00 00 00 00 00 00 00 00 
,     <HIST> , SNX05                  , IPPU-6      , SWITCH    , 2017-07-09  05:44:34.09, *   , ALARM  , IPPU-6      , 1A003-00-10           , GLP_GX                           , 6205, 3152 LIB CONNECTION FAILURE                                          ,     C0 11 13 0D 00 00 00 00 00 00 00 00 00 00 00 00 
,     <HIST> , SNX05                  , IPPU-6      , SWITCH    , 2017-07-09  05:44:54.54, .   , CANCEL , IPPU-6      , 1A003-00-10           , GLP_GX                           , 6205, 3152 LIB CONNECTION FAILURE                                          ,     C0 11 13 0D 00 00 00 00 00 00 00 00 00 00 00 00 
,     <HIST> , SNX05                  , SMMU-3      , SWITCH    , 2017-07-09  10:45:50.07, *   , DISTUR , ........    ,                       , MTA_IX                           , 3152, 1575 COMPONENT NOT ACCEPTED BY REMOTE END                            ,     24 17 06 00 0E 97 84 91 40 00 24 99 83 FF FF 
,     <HIST> , SNW04                  , SMMU-3      , SWITCH    , 2017-07-09  00:55:56.49, *   , DISTUR , ........    ,                       , MTA_IX                           , 3152, 1575 COMPONENT NOT ACCEPTED BY REMOTE END                            ,     24 17 06 00 0E 97 84 91 21 65 14 67 42 FF FF 
,     <HIST> , SNW04                  , SMMU-1      , SWITCH    , 2017-07-09  07:19:57.66, *   , DISTUR , ........    ,                       , MTA_IX                           , 3152, 1575 COMPONENT NOT ACCEPTED BY REMOTE END                            ,     24 17 06 00 0E 97 84 91 21 61 16 43 79 FF FF 
,     <HIST> , SNW04                  , SMMU-2      , SWITCH    , 2017-07-09  13:14:24.41, *   , DISTUR , ........    ,                       , MTA_IX                           , 3152, 1575 COMPONENT NOT ACCEPTED BY REMOTE END                            ,     24 17 06 00 0E 97 84 91 10 51 77 41 39 FF FF 
,     <HIST> , SNW04                  , SMMU-2      , SWITCH    , 2017-07-09  18:51:04.95, *   , DISTUR , ........    ,                       , MTA_IX                           , 3152, 1575 COMPONENT NOT ACCEPTED BY REMOTE END                            ,     24 17 06 00 0F 97 85 36 89 89 13 15 02 9F FF 
,     <HIST> , SNW04                  , SMMU-3      , SWITCH    , 2017-07-10  00:33:33.69, *   , DISTUR , ........    ,                       , MTA_IX                           , 3152, 1575 COMPONENT NOT ACCEPTED BY REMOTE END                            ,     24 17 06 00 0E 97 84 91 20 76 83 67 75 FF FF 
,     <HIST> , SNW04                  , SMMU-1      , SWITCH    , 2017-07-10  06:53:31.31, *   , DISTUR , ........    ,                       , MTA_IX                           , 3152, 1575 COMPONENT NOT ACCEPTED BY REMOTE END                            ,     24 17 06 00 0E 97 84 91 21 21 45 28 14 FF FF 
,     <HIST> , SNW04                  , SMMU-3      , SWITCH    , 2017-07-10  12:46:29.56, *   , DISTUR , ........    ,                       , MTA_IX                           , 3152, 1575 COMPONENT NOT ACCEPTED BY REMOTE END                            ,     24 17 06 00 0E 97 84 91 10 58 42 47 91 FF FF 
,     <HIST> , SNW04                  , SMMU-3      , SWITCH    , 2017-07-10  18:25:08.90, *   , DISTUR , ........    ,                       , MTA_IX                           , 3152, 1575 COMPONENT NOT ACCEPTED BY REMOTE END                            ,     24 17 06 00 0E 97 84 91 21 38 08 64 78 FF FF 
,     <HIST> , SNW04                  , SMMU-1      , SWITCH    , 2017-07-11  00:52:30.23, *   , DISTUR , ........    ,                       , MTA_IX                           , 3152, 1575 COMPONENT NOT ACCEPTED BY REMOTE END                            ,     24 17 06 00 0E 97 84 91 21 38 41 48 79 FF FF 
,     <HIST> , SNW04                  , SMMU-3      , SWITCH    , 2017-07-11  07:23:54.27, *   , DISTUR , ........    ,                       , MTA_IX                           , 3152, 1575 COMPONENT NOT ACCEPTED BY REMOTE END                            ,     24 17 06 00 0E 97 84 91 21 67 13 66 27 FF FF 
,     <HIST> , SNX05                  , SMMU-3      , SWITCH    , 2017-07-09  04:38:34.08, *   , DISTUR , ........    ,                       , MTA_IX                           , 3152, 1575 COMPONENT NOT ACCEPTED BY REMOTE END                            ,     24 17 06 00 0E 97 84 91 21 36 29 72 55 FF FF 
,     <HIST> , SNX05                  , IPPU-6      , SWITCH    , 2017-07-09  05:32:46.40, *   , ALARM  , IPPU-6      , 1A003-00-10           , GLP_GX                           , 6201, 3152 LIB CONNECTION FAILURE                                          ,     C0 11 13 0D 00 00 00 00 00 00 00 00 00 00 00 00 
,     <HIST> , SNX05                  , IPPU-6      , SWITCH    , 2017-07-09  05:33:43.75, .   , CANCEL , IPPU-6      , 1A003-00-10           , GLP_GX                           , 6201, 3152 LIB CONNECTION FAILURE                                          ,     C0 11 13 0D 00 00 00 00 00 00 00 00 00 00 00 00 
,     <HIST> , SNX05                  , IPPU-6      , SWITCH    , 2017-07-09  05:34:38.61, *   , ALARM  , IPPU-6      , 1A003-00-10           , GLP_GX                           , 6202, 3152 LIB CONNECTION FAILURE                                          ,     C0 11 13 0D 00 00 00 00 00 00 00 00 00 00 00 00 
,     <HIST> , SNX05                  , IPPU-6      , SWITCH    , 2017-07-09  05:35:39.01, .   , CANCEL , IPPU-6      , 1A003-00-10           , GLP_GX                           , 6202, 3152 LIB CONNECTION FAILURE                                          ,     C0 11 13 0D 00 00 00 00 00 00 00 00 00 00 00 00 
,     <HIST> , SNX05                  , IPPU-6      , SWITCH    , 2017-07-09  05:39:02.91, *   , ALARM  , IPPU-6      , 1A003-00-10           , GLP_GX                           , 6204, 3152 LIB CONNECTION FAILURE                                          ,     C0 11 13 0D 00 00 00 00 00 00 00 00 00 00 00 00 
,     <HIST> , SNX05                  , IPPU-6      , SWITCH    , 2017-07-09  05:40:04.65, .   , CANCEL , IPPU-6      , 1A003-00-10           , GLP_GX                           , 6204, 3152 LIB CONNECTION FAILURE                                          ,     C0 11 13 0D 00 00 00 00 00 00 00 00 00 00 00 00 
,     <HIST> , SNX05                  , IPPU-6      , SWITCH    , 2017-07-09  05:44:34.09, *   , ALARM  , IPPU-6      , 1A003-00-10           , GLP_GX                           , 6205, 3152 LIB CONNECTION FAILURE                                          ,     C0 11 13 0D 00 00 00 00 00 00 00 00 00 00 00 00 
,     <HIST> , SNX05                  , IPPU-6      , SWITCH    , 2017-07-09  05:44:54.54, .   , CANCEL , IPPU-6      , 1A003-00-10           , GLP_GX                           , 6205, 3152 LIB CONNECTION FAILURE                                          ,     C0 11 13 0D 00 00 00 00 00 00 00 00 00 00 00 00 
,     <HIST> , SNX05                  , SMMU-3      , SWITCH    , 2017-07-09  10:45:50.07, *   , DISTUR , ........    ,                       , MTA_IX                           , 3152, 1575 COMPONENT NOT ACCEPTED BY REMOTE END                            ,     24 17 06 00 0E 97 84 91 40 00 24 99 83 FF FF 
,     <HIST> , SNX05                  , SMMU-1      , SWITCH    , 2017-07-09  16:29:42.89, *   , DISTUR , ........    ,                       , MTA_IX                           , 3152, 1575 COMPONENT NOT ACCEPTED BY REMOTE END                            ,     24 17 06 00 0E 97 84 91 21 13 33 23 47 FF FF 
,     <HIST> , SNX05                  , IPPU-6      , SWITCH    , 2017-07-09  16:34:15.22, *   , ALARM  , IPPU-6      , 1A003-00-10           , GLP_GX                           , 6329, 3152 LIB CONNECTION FAILURE                                          ,     C0 11 13 0E 00 00 00 00 00 00 00 00 00 00 00 00 
,     <HIST> , SNX05                  , IPPU-6      , SWITCH    , 2017-07-09  16:34:18.13, .   , CANCEL , IPPU-6      , 1A003-00-10           , GLP_GX                           , 6329, 3152 LIB CONNECTION FAILURE                                          ,     C0 11 13 0E 00 00 00 00 00 00 00 00 00 00 00 00 
,     <HIST> , SNX05                  , IPPU-6      , SWITCH    , 2017-07-09  16:34:23.15, *   , ALARM  , IPPU-6      , 1A003-00-10           , GLP_GX                           , 6330, 3152 LIB CONNECTION FAILURE                                          ,     C0 11 13 0E 00 00 00 00 00 00 00 00 00 00 00 00 
,     <HIST> , SNX05                  , IPPU-6      , SWITCH    , 2017-07-09  16:34:39.19, .   , CANCEL , IPPU-6      , 1A003-00-10           , GLP_GX                           , 6330, 3152 LIB CONNECTION FAILURE                                          ,     C0 11 13 0E 00 00 00 00 00 00 00 00 00 00 00 00 
,     <HIST> , SNX05                  , IPPU-6      , SWITCH    , 2017-07-09  16:37:27.78, *   , ALARM  , IPPU-6      , 1A003-00-10           , GLP_GX                           , 6331, 3152 LIB CONNECTION FAILURE                                          ,     C0 11 13 0E 00 00 00 00 00 00 00 00 00 00 00 00 
,     <HIST> , SNX05                  , IPPU-6      , SWITCH    , 2017-07-09  16:37:32.93, .   , CANCEL , IPPU-6      , 1A003-00-10           , GLP_GX                           , 6331, 3152 LIB CONNECTION FAILURE                                          ,     C0 11 13 0E 00 00 00 00 00 00 00 00 00 00 00 00 
,     <HIST> , SNX05                  , SMMU-2      , SWITCH    , 2017-07-09  21:48:53.76, *   , DISTUR , ........    ,                       , MTA_IX                           , 3152, 1575 COMPONENT NOT ACCEPTED BY REMOTE END                            ,     24 17 06 00 0E 97 84 91 21 22 32 83 31 FF FF 
,     <HIST> , SNX05                  , IPPU-6      , SWITCH    , 2017-07-10  03:08:05.23, *   , ALARM  , IPPU-6      , 1A003-00-10           , GLP_GX                           , 6474, 3152 LIB CONNECTION FAILURE                                          ,     C0 11 13 0D 00 00 00 00 00 00 00 00 00 00 00 00 
,     <HIST> , SNX05                  , IPPU-6      , SWITCH    , 2017-07-10  03:09:05.54, .   , CANCEL , IPPU-6      , 1A003-00-10           , GLP_GX                           , 6474, 3152 LIB CONNECTION FAILURE                                          ,     C0 11 13 0D 00 00 00 00 00 00 00 00 00 00 00 00 
,     <HIST> , SNX05                  , IPPU-6      , SWITCH    , 2017-07-10  03:09:44.04, *   , ALARM  , IPPU-6      , 1A003-00-10           , GLP_GX                           , 6475, 3152 LIB CONNECTION FAILURE                                          ,     C0 11 13 0D 00 00 00 00 00 00 00 00 00 00 00 00 
,     <HIST> , SNX05                  , IPPU-6      , SWITCH    , 2017-07-10  03:10:37.72, .   , CANCEL , IPPU-6      , 1A003-00-10           , GLP_GX                           , 6475, 3152 LIB CONNECTION FAILURE                                          ,     C0 11 13 0D 00 00 00 00 00 00 00 00 00 00 00 00 
,     <HIST> , SNX05                  , IPPU-6      , SWITCH    , 2017-07-10  03:13:17.76, *   , ALARM  , IPPU-6      , 1A003-00-10           , GLP_GX                           , 6476, 3152 LIB CONNECTION FAILURE                                          ,     C0 11 13 0D 00 00 00 00 00 00 00 00 00 00 00 00 
,     <HIST> , SNX05                  , IPPU-6      , SWITCH    , 2017-07-10  03:14:10.25, .   , CANCEL , IPPU-6      , 1A003-00-10           , GLP_GX                           , 6476, 3152 LIB CONNECTION FAILURE                                          ,     C0 11 13 0D 00 00 00 00 00 00 00 00 00 00 00 00 
,     <HIST> , SNX05                  , IPPU-6      , SWITCH    , 2017-07-10  03:19:31.59, *   , ALARM  , IPPU-6      , 1A003-00-10           , GLP_GX                           , 6478, 3152 LIB CONNECTION FAILURE                                          ,     C0 11 13 0D 00 00 00 00 00 00 00 00 00 00 00 00 
,     <HIST> , SNX05                  , IPPU-6      , SWITCH    , 2017-07-10  03:20:30.86, .   , CANCEL , IPPU-6      , 1A003-00-10           , GLP_GX                           , 6478, 3152 LIB CONNECTION FAILURE                                          ,     C0 11 13 0D 00 00 00 00 00 00 00 00 00 00 00 00 
,     <HIST> , SNX05                  , IPPU-6      , SWITCH    , 2017-07-10  03:40:35.22, *   , ALARM  , IPPU-6      , 1A003-00-10           , GLP_GX                           , 6482, 3152 LIB CONNECTION FAILURE                                          ,     C0 11 13 0D 00 00 00 00 00 00 00 00 00 00 00 00 
,     <HIST> , SNX05                  , IPPU-6      , SWITCH    , 2017-07-10  03:41:37.73, .   , CANCEL , IPPU-6      , 1A003-00-10           , GLP_GX                           , 6482, 3152 LIB CONNECTION FAILURE                                          ,     C0 11 13 0D 00 00 00 00 00 00 00 00 00 00 00 00 
,     <HIST> , SNX05                  , IPPU-6      , SWITCH    , 2017-07-10  03:42:09.58, *   , ALARM  , IPPU-6      , 1A003-00-10           , GLP_GX                           , 6483, 3152 LIB CONNECTION FAILURE                                          ,     C0 11 13 0D 00 00 00 00 00 00 00 00 00 00 00 00 
,     <HIST> , SNX05                  , IPPU-6      , SWITCH    , 2017-07-10  03:43:02.52, .   , CANCEL , IPPU-6      , 1A003-00-10           , GLP_GX                           , 6483, 3152 LIB CONNECTION FAILURE                                          ,     C0 11 13 0D 00 00 00 00 00 00 00 00 00 00 00 00 
,     <HIST> , SNX05                  , IPPU-6      , SWITCH    , 2017-07-10  03:46:00.02, *   , ALARM  , IPPU-6      , 1A003-00-10           , GLP_GX                           , 6485, 3152 LIB CONNECTION FAILURE                                          ,     C0 11 13 0D 00 00 00 00 00 00 00 00 00 00 00 00 
,     <HIST> , SNX05                  , IPPU-6      , SWITCH    , 2017-07-10  03:47:01.36, .   , CANCEL , IPPU-6      , 1A003-00-10           , GLP_GX                           , 6485, 3152 LIB CONNECTION FAILURE                                          ,     C0 11 13 0D 00 00 00 00 00 00 00 00 00 00 00 00 
,     <HIST> , SNX05                  , SMMU-2      , SWITCH    , 2017-07-10  03:50:34.57, *   , DISTUR , ........    ,                       , MTA_IX                           , 3152, 1575 COMPONENT NOT ACCEPTED BY REMOTE END                            ,     24 17 06 00 0E 97 84 91 20 62 40 79 07 FF FF 
,     <HIST> , SNX05                  , IPPU-6      , SWITCH    , 2017-07-10  04:01:21.36, *   , ALARM  , IPPU-6      , 1A003-00-10           , GLP_GX                           , 6488, 3152 LIB CONNECTION FAILURE                                          ,     C0 11 13 0D 00 00 00 00 00 00 00 00 00 00 00 00 
,     <HIST> , SNX05                  , IPPU-6      , SWITCH    , 2017-07-10  04:02:14.73, .   , CANCEL , IPPU-6      , 1A003-00-10           , GLP_GX                           , 6488, 3152 LIB CONNECTION FAILURE                                          ,     C0 11 13 0D 00 00 00 00 00 00 00 00 00 00 00 00 
,     <HIST> , SNX05                  , SMMU-3      , SWITCH    , 2017-07-10  09:53:50.88, *   , DISTUR , ........    ,                       , MTA_IX                           , 3152, 1575 COMPONENT NOT ACCEPTED BY REMOTE END                            ,     24 17 06 00 0E 97 84 91 21 65 09 42 52 FF FF 
,     <HIST> , SNX05                  , IPPU-6      , SWITCH    , 2017-07-10  14:39:42.62, *   , ALARM  , IPPU-6      , 1A003-00-10           , GLP_GX                           , 6579, 3152 LIB CONNECTION FAILURE                                          ,     C0 11 13 0D 00 00 00 00 00 00 00 00 00 00 00 00 
,     <HIST> , SNX05                  , IPPU-6      , SWITCH    , 2017-07-10  14:40:34.41, .   , CANCEL , IPPU-6      , 1A003-00-10           , GLP_GX                           , 6579, 3152 LIB CONNECTION FAILURE                                          ,     C0 11 13 0D 00 00 00 00 00 00 00 00 00 00 00 00 
,     <HIST> , SNX05                  , IPPU-6      , SWITCH    , 2017-07-10  14:47:18.40, *   , ALARM  , IPPU-6      , 1A003-00-10           , GLP_GX                           , 6582, 3152 LIB CONNECTION FAILURE                                          ,     C0 11 13 0D 00 00 00 00 00 00 00 00 00 00 00 00 
,     <HIST> , SNX05                  , IPPU-6      , SWITCH    , 2017-07-10  14:48:07.86, .   , CANCEL , IPPU-6      , 1A003-00-10           , GLP_GX                           , 6582, 3152 LIB CONNECTION FAILURE                                          ,     C0 11 13 0D 00 00 00 00 00 00 00 00 00 00 00 00 
,     <HIST> , SNX05                  , IPPU-6      , SWITCH    , 2017-07-10  15:21:09.41, *   , ALARM  , IPPU-6      , 1A003-00-10           , GLP_GX                           , 6587, 3152 LIB CONNECTION FAILURE                                          ,     C0 11 13 0D 00 00 00 00 00 00 00 00 00 00 00 00 
,     <HIST> , SNX05                  , IPPU-6      , SWITCH    , 2017-07-10  15:22:09.21, .   , CANCEL , IPPU-6      , 1A003-00-10           , GLP_GX                           , 6587, 3152 LIB CONNECTION FAILURE                                          ,     C0 11 13 0D 00 00 00 00 00 00 00 00 00 00 00 00 
,     <HIST> , SNX05                  , SMMU-2      , SWITCH    , 2017-07-10  15:38:49.85, *   , DISTUR , ........    ,                       , MTA_IX                           , 3152, 1575 COMPONENT NOT ACCEPTED BY REMOTE END                            ,     24 17 06 00 0E 97 84 91 20 88 90 50 80 FF FF 
,     <HIST> , SNX05                  , IPPU-6      , SWITCH    , 2017-07-10  16:42:20.87, *   , ALARM  , IPPU-6      , 1A003-00-10           , GLP_GX                           , 6600, 3152 LIB CONNECTION FAILURE                                          ,     C0 11 13 0D 00 00 00 00 00 00 00 00 00 00 00 00 
,     <HIST> , SNX05                  , IPPU-6      , SWITCH    , 2017-07-10  16:43:01.37, .   , CANCEL , IPPU-6      , 1A003-00-10           , GLP_GX                           , 6600, 3152 LIB CONNECTION FAILURE                                          ,     C0 11 13 0D 00 00 00 00 00 00 00 00 00 00 00 00 
,     <HIST> , SNX05                  , IPPU-6      , SWITCH    , 2017-07-10  16:45:19.53, *   , ALARM  , IPPU-6      , 1A003-00-10           , GLP_GX                           , 6602, 3152 LIB CONNECTION FAILURE                                          ,     C0 11 13 0D 00 00 00 00 00 00 00 00 00 00 00 00 
,     <HIST> , SNX05                  , IPPU-6      , SWITCH    , 2017-07-10  16:46:17.08, .   , CANCEL , IPPU-6      , 1A003-00-10           , GLP_GX                           , 6602, 3152 LIB CONNECTION FAILURE                                          ,     C0 11 13 0D 00 00 00 00 00 00 00 00 00 00 00 00 
,     <HIST> , SNX05                  , IPPU-6      , SWITCH    , 2017-07-10  16:52:04.05, *   , ALARM  , IPPU-6      , 1A003-00-10           , GLP_GX                           , 6603, 3152 LIB CONNECTION FAILURE                                          ,     C0 11 13 0D 00 00 00 00 00 00 00 00 00 00 00 00 
,     <HIST> , SNX05                  , IPPU-6      , SWITCH    , 2017-07-10  16:52:56.29, .   , CANCEL , IPPU-6      , 1A003-00-10           , GLP_GX                           , 6603, 3152 LIB CONNECTION FAILURE                                          ,     C0 11 13 0D 00 00 00 00 00 00 00 00 00 00 00 00 
,     <HIST> , SNX05                  , IPPU-6      , SWITCH    , 2017-07-10  16:55:26.17, *   , ALARM  , IPPU-6      , 1A003-00-10           , GLP_GX                           , 6604, 3152 LIB CONNECTION FAILURE                                          ,     C0 11 13 0D 00 00 00 00 00 00 00 00 00 00 00 00 
,     <HIST> , SNX05                  , IPPU-6      , SWITCH    , 2017-07-10  16:56:20.83, .   , CANCEL , IPPU-6      , 1A003-00-10           , GLP_GX                           , 6604, 3152 LIB CONNECTION FAILURE                                          ,     C0 11 13 0D 00 00 00 00 00 00 00 00 00 00 00 00 
,     <HIST> , SNX05                  , IPPU-6      , SWITCH    , 2017-07-10  16:57:14.03, *   , ALARM  , IPPU-6      , 1A003-00-10           , GLP_GX                           , 6606, 3152 LIB CONNECTION FAILURE                                          ,     C0 11 13 0D 00 00 00 00 00 00 00 00 00 00 00 00 
,     <HIST> , SNX05                  , IPPU-6      , SWITCH    , 2017-07-10  16:58:08.94, .   , CANCEL , IPPU-6      , 1A003-00-10           , GLP_GX                           , 6606, 3152 LIB CONNECTION FAILURE                                          ,     C0 11 13 0D 00 00 00 00 00 00 00 00 00 00 00 00 
,     <HIST> , SNX05                  , IPPU-6      , SWITCH    , 2017-07-10  16:58:14.68, *   , ALARM  , IPPU-6      , 1A003-00-10           , GLP_GX                           , 6607, 3152 LIB CONNECTION FAILURE                                          ,     C0 11 13 0D 00 00 00 00 00 00 00 00 00 00 00 00 
,     <HIST> , SNX05                  , IPPU-6      , SWITCH    , 2017-07-10  16:59:16.17, .   , CANCEL , IPPU-6      , 1A003-00-10           , GLP_GX                           , 6607, 3152 LIB CONNECTION FAILURE                                          ,     C0 11 13 0D 00 00 00 00 00 00 00 00 00 00 00 00 
,     <HIST> , SNX05                  , IPPU-6      , SWITCH    , 2017-07-10  17:01:38.72, *   , ALARM  , IPPU-6      , 1A003-00-10           , GLP_GX                           , 6609, 3152 LIB CONNECTION FAILURE                                          ,     C0 11 13 0D 00 00 00 00 00 00 00 00 00 00 00 00 
,     <HIST> , SNX05                  , IPPU-6      , SWITCH    , 2017-07-10  17:02:31.95, .   , CANCEL , IPPU-6      , 1A003-00-10           , GLP_GX                           , 6609, 3152 LIB CONNECTION FAILURE                                          ,     C0 11 13 0D 00 00 00 00 00 00 00 00 00 00 00 00 
,     <HIST> , SNX05                  , IPPU-6      , SWITCH    , 2017-07-10  17:06:12.02, *   , ALARM  , IPPU-6      , 1A003-00-10           , GLP_GX                           , 6610, 3152 LIB CONNECTION FAILURE                                          ,     C0 11 13 0D 00 00 00 00 00 00 00 00 00 00 00 00 
,     <HIST> , SNX05                  , IPPU-6      , SWITCH    , 2017-07-10  17:07:10.35, .   , CANCEL , IPPU-6      , 1A003-00-10           , GLP_GX                           , 6610, 3152 LIB CONNECTION FAILURE                                          ,     C0 11 13 0D 00 00 00 00 00 00 00 00 00 00 00 00 
,     <HIST> , SNX05                  , IPPU-6      , SWITCH    , 2017-07-10  17:17:46.56, *   , ALARM  , IPPU-6      , 1A003-00-10           , GLP_GX                           , 6613, 3152 LIB CONNECTION FAILURE                                          ,     C0 11 13 0D 00 00 00 00 00 00 00 00 00 00 00 00 
,     <HIST> , SNX05                  , IPPU-6      , SWITCH    , 2017-07-10  17:18:48.35, .   , CANCEL , IPPU-6      , 1A003-00-10           , GLP_GX                           , 6613, 3152 LIB CONNECTION FAILURE                                          ,     C0 11 13 0D 00 00 00 00 00 00 00 00 00 00 00 00 
,     <HIST> , SNX05                  , IPPU-6      , SWITCH    , 2017-07-10  17:21:13.75, *   , ALARM  , IPPU-6      , 1A003-00-10           , GLP_GX                           , 6614, 3152 LIB CONNECTION FAILURE                                          ,     C0 11 13 0D 00 00 00 00 00 00 00 00 00 00 00 00 
,     <HIST> , SNX05                  , IPPU-6      , SWITCH    , 2017-07-10  17:22:16.12, .   , CANCEL , IPPU-6      , 1A003-00-10           , GLP_GX                           , 6614, 3152 LIB CONNECTION FAILURE                                          ,     C0 11 13 0D 00 00 00 00 00 00 00 00 00 00 00 00 
,     <HIST> , SNX05                  , IPPU-6      , SWITCH    , 2017-07-10  17:24:23.32, *   , ALARM  , IPPU-6      , 1A003-00-10           , GLP_GX                           , 6615, 3152 LIB CONNECTION FAILURE                                          ,     C0 11 13 0D 00 00 00 00 00 00 00 00 00 00 00 00 
,     <HIST> , SNX05                  , IPPU-6      , SWITCH    , 2017-07-10  17:25:10.86, .   , CANCEL , IPPU-6      , 1A003-00-10           , GLP_GX                           , 6615, 3152 LIB CONNECTION FAILURE                                          ,     C0 11 13 0D 00 00 00 00 00 00 00 00 00 00 00 00 
,     <HIST> , SNX05                  , IPPU-6      , SWITCH    , 2017-07-10  17:26:20.70, *   , ALARM  , IPPU-6      , 1A003-00-10           , GLP_GX                           , 6616, 3152 LIB CONNECTION FAILURE                                          ,     C0 11 13 0D 00 00 00 00 00 00 00 00 00 00 00 00 
,     <HIST> , SNX05                  , IPPU-6      , SWITCH    , 2017-07-10  17:27:14.04, .   , CANCEL , IPPU-6      , 1A003-00-10           , GLP_GX                           , 6616, 3152 LIB CONNECTION FAILURE                                          ,     C0 11 13 0D 00 00 00 00 00 00 00 00 00 00 00 00 
,     <HIST> , SNX05                  , IPPU-6      , SWITCH    , 2017-07-10  17:28:07.34, *   , ALARM  , IPPU-6      , 1A003-00-10           , GLP_GX                           , 6618, 3152 LIB CONNECTION FAILURE                                          ,     C0 11 13 0D 00 00 00 00 00 00 00 00 00 00 00 00 
,     <HIST> , SNX05                  , IPPU-6      , SWITCH    , 2017-07-10  17:29:03.34, .   , CANCEL , IPPU-6      , 1A003-00-10           , GLP_GX                           , 6618, 3152 LIB CONNECTION FAILURE                                          ,     C0 11 13 0D 00 00 00 00 00 00 00 00 00 00 00 00 
,     <HIST> , SNX05                  , IPPU-6      , SWITCH    , 2017-07-10  17:35:21.78, *   , ALARM  , IPPU-6      , 1A003-00-10           , GLP_GX                           , 6620, 3152 LIB CONNECTION FAILURE                                          ,     C0 11 13 0D 00 00 00 00 00 00 00 00 00 00 00 00 
,     <HIST> , SNX05                  , IPPU-6      , SWITCH    , 2017-07-10  17:36:20.26, .   , CANCEL , IPPU-6      , 1A003-00-10           , GLP_GX                           , 6620, 3152 LIB CONNECTION FAILURE                                          ,     C0 11 13 0D 00 00 00 00 00 00 00 00 00 00 00 00 
,     <HIST> , SNX05                  , IPPU-6      , SWITCH    , 2017-07-10  17:38:27.20, *   , ALARM  , IPPU-6      , 1A003-00-10           , GLP_GX                           , 6621, 3152 LIB CONNECTION FAILURE                                          ,     C0 11 13 0D 00 00 00 00 00 00 00 00 00 00 00 00 
,     <HIST> , SNX05                  , IPPU-6      , SWITCH    , 2017-07-10  17:39:23.95, .   , CANCEL , IPPU-6      , 1A003-00-10           , GLP_GX                           , 6621, 3152 LIB CONNECTION FAILURE                                          ,     C0 11 13 0D 00 00 00 00 00 00 00 00 00 00 00 00 
,     <HIST> , SNX05                  , IPPU-6      , SWITCH    , 2017-07-10  17:41:46.26, *   , ALARM  , IPPU-6      , 1A003-00-10           , GLP_GX                           , 6622, 3152 LIB CONNECTION FAILURE                                          ,     C0 11 13 0D 00 00 00 00 00 00 00 00 00 00 00 00 
,     <HIST> , SNX05                  , IPPU-6      , SWITCH    , 2017-07-10  17:42:46.02, .   , CANCEL , IPPU-6      , 1A003-00-10           , GLP_GX                           , 6622, 3152 LIB CONNECTION FAILURE                                          ,     C0 11 13 0D 00 00 00 00 00 00 00 00 00 00 00 00 
,     <HIST> , SNX05                  , IPPU-6      , SWITCH    , 2017-07-10  17:43:47.63, *   , ALARM  , IPPU-6      , 1A003-00-10           , GLP_GX                           , 6624, 3152 LIB CONNECTION FAILURE                                          ,     C0 11 13 0D 00 00 00 00 00 00 00 00 00 00 00 00 
,     <HIST> , SNX05                  , IPPU-6      , SWITCH    , 2017-07-10  17:44:43.26, .   , CANCEL , IPPU-6      , 1A003-00-10           , GLP_GX                           , 6624, 3152 LIB CONNECTION FAILURE                                          ,     C0 11 13 0D 00 00 00 00 00 00 00 00 00 00 00 00 
,     <HIST> , SNX05                  , IPPU-6      , SWITCH    , 2017-07-10  17:45:15.71, *   , ALARM  , IPPU-6      , 1A003-00-10           , GLP_GX                           , 6626, 3152 LIB CONNECTION FAILURE                                          ,     C0 11 13 0D 00 00 00 00 00 00 00 00 00 00 00 00 
,     <HIST> , SNX05                  , IPPU-6      , SWITCH    , 2017-07-10  17:46:11.68, .   , CANCEL , IPPU-6      , 1A003-00-10           , GLP_GX                           , 6626, 3152 LIB CONNECTION FAILURE                                          ,     C0 11 13 0D 00 00 00 00 00 00 00 00 00 00 00 00 
,     <HIST> , SNX05                  , IPPU-6      , SWITCH    , 2017-07-10  17:46:45.80, *   , ALARM  , IPPU-6      , 1A003-00-10           , GLP_GX                           , 6627, 3152 LIB CONNECTION FAILURE                                          ,     C0 11 13 0D 00 00 00 00 00 00 00 00 00 00 00 00 
,     <HIST> , SNX05                  , IPPU-6      , SWITCH    , 2017-07-10  17:47:43.08, .   , CANCEL , IPPU-6      , 1A003-00-10           , GLP_GX                           , 6627, 3152 LIB CONNECTION FAILURE                                          ,     C0 11 13 0D 00 00 00 00 00 00 00 00 00 00 00 00 
,     <HIST> , SNX05                  , IPPU-6      , SWITCH    , 2017-07-10  17:48:43.72, *   , ALARM  , IPPU-6      , 1A003-00-10           , GLP_GX                           , 6628, 3152 LIB CONNECTION FAILURE                                          ,     C0 11 13 0D 00 00 00 00 00 00 00 00 00 00 00 00 
,     <HIST> , SNX05                  , IPPU-6      , SWITCH    , 2017-07-10  17:49:38.78, .   , CANCEL , IPPU-6      , 1A003-00-10           , GLP_GX                           , 6628, 3152 LIB CONNECTION FAILURE                                          ,     C0 11 13 0D 00 00 00 00 00 00 00 00 00 00 00 00 
,     <HIST> , SNX05                  , IPPU-6      , SWITCH    , 2017-07-10  17:50:40.70, *   , ALARM  , IPPU-6      , 1A003-00-10           , GLP_GX                           , 6629, 3152 LIB CONNECTION FAILURE                                          ,     C0 11 13 0D 00 00 00 00 00 00 00 00 00 00 00 00 
,     <HIST> , SNX05                  , IPPU-6      , SWITCH    , 2017-07-10  17:51:38.99, .   , CANCEL , IPPU-6      , 1A003-00-10           , GLP_GX                           , 6629, 3152 LIB CONNECTION FAILURE                                          ,     C0 11 13 0D 00 00 00 00 00 00 00 00 00 00 00 00 
,     <HIST> , SNX05                  , IPPU-6      , SWITCH    , 2017-07-10  17:53:31.11, *   , ALARM  , IPPU-6      , 1A003-00-10           , GLP_GX                           , 6630, 3152 LIB CONNECTION FAILURE                                          ,     C0 11 13 0D 00 00 00 00 00 00 00 00 00 00 00 00 
,     <HIST> , SNX05                  , IPPU-6      , SWITCH    , 2017-07-10  17:54:23.60, .   , CANCEL , IPPU-6      , 1A003-00-10           , GLP_GX                           , 6630, 3152 LIB CONNECTION FAILURE                                          ,     C0 11 13 0D 00 00 00 00 00 00 00 00 00 00 00 00 
,     <HIST> , SNX05                  , IPPU-6      , SWITCH    , 2017-07-10  17:55:42.52, *   , ALARM  , IPPU-6      , 1A003-00-10           , GLP_GX                           , 6631, 3152 LIB CONNECTION FAILURE                                          ,     C0 11 13 0D 00 00 00 00 00 00 00 00 00 00 00 00 
,     <HIST> , SNX05                  , IPPU-6      , SWITCH    , 2017-07-10  17:56:35.89, .   , CANCEL , IPPU-6      , 1A003-00-10           , GLP_GX                           , 6631, 3152 LIB CONNECTION FAILURE                                          ,     C0 11 13 0D 00 00 00 00 00 00 00 00 00 00 00 00 
,     <HIST> , SNX05                  , SMMU-2      , SWITCH    , 2017-07-10  21:42:40.94, *   , DISTUR , ........    ,                       , MTA_IX                           , 3152, 1575 COMPONENT NOT ACCEPTED BY REMOTE END                            ,     24 17 06 00 0E 97 84 91 21 56 13 27 18 FF FF 
,     <HIST> , SNX05                  , IPPU-6      , SWITCH    , 2017-07-11  05:36:35.66, *   , ALARM  , IPPU-6      , 1A003-00-10           , GLP_GX                           , 6827, 3152 LIB CONNECTION FAILURE                                          ,     C0 11 13 0D 00 00 00 00 00 00 00 00 00 00 00 00 
,     <HIST> , SNX05                  , IPPU-6      , SWITCH    , 2017-07-11  05:37:30.62, .   , CANCEL , IPPU-6      , 1A003-00-10           , GLP_GX                           , 6827, 3152 LIB CONNECTION FAILURE                                          ,     C0 11 13 0D 00 00 00 00 00 00 00 00 00 00 00 00 
,     <HIST> , SNX05                  , IPPU-6      , SWITCH    , 2017-07-11  05:46:06.99, *   , ALARM  , IPPU-6      , 1A003-00-10           , GLP_GX                           , 6830, 3152 LIB CONNECTION FAILURE                                          ,     C0 11 13 0D 00 00 00 00 00 00 00 00 00 00 00 00 
,     <HIST> , SNX05                  , IPPU-6      , SWITCH    , 2017-07-11  05:46:59.88, .   , CANCEL , IPPU-6      , 1A003-00-10           , GLP_GX                           , 6830, 3152 LIB CONNECTION FAILURE                                          ,     C0 11 13 0D 00 00 00 00 00 00 00 00 00 00 00 00 
,     <HIST> , SNX05                  , IPPU-6      , SWITCH    , 2017-07-11  05:51:02.75, *   , ALARM  , IPPU-6      , 1A003-00-10           , GLP_GX                           , 6831, 3152 LIB CONNECTION FAILURE                                          ,     C0 11 13 0D 00 00 00 00 00 00 00 00 00 00 00 00 
,     <HIST> , SNX05                  , IPPU-6      , SWITCH    , 2017-07-11  05:52:02.88, .   , CANCEL , IPPU-6      , 1A003-00-10           , GLP_GX                           , 6831, 3152 LIB CONNECTION FAILURE                                          ,     C0 11 13 0D 00 00 00 00 00 00 00 00 00 00 00 00 
,     <HIST> , SNX05                  , IPPU-6      , SWITCH    , 2017-07-11  05:52:32.82, *   , ALARM  , IPPU-6      , 1A003-00-10           , GLP_GX                           , 6832, 3152 LIB CONNECTION FAILURE                                          ,     C0 11 13 0D 00 00 00 00 00 00 00 00 00 00 00 00 
,     <HIST> , SNX05                  , IPPU-6      , SWITCH    , 2017-07-11  05:53:27.31, .   , CANCEL , IPPU-6      , 1A003-00-10           , GLP_GX                           , 6832, 3152 LIB CONNECTION FAILURE                                          ,     C0 11 13 0D 00 00 00 00 00 00 00 00 00 00 00 00 
,     <HIST> , SNX05                  , IPPU-6      , SWITCH    , 2017-07-11  05:56:27.85, *   , ALARM  , IPPU-6      , 1A003-00-10           , GLP_GX                           , 6834, 3152 LIB CONNECTION FAILURE                                          ,     C0 11 13 0D 00 00 00 00 00 00 00 00 00 00 00 00 
,     <HIST> , SNX05                  , IPPU-6      , SWITCH    , 2017-07-11  05:57:20.42, .   , CANCEL , IPPU-6      , 1A003-00-10           , GLP_GX                           , 6834, 3152 LIB CONNECTION FAILURE                                          ,     C0 11 13 0D 00 00 00 00 00 00 00 00 00 00 00 00 
,     <HIST> , SNX05                  , SMMU-2      , SWITCH    , 2017-07-11  05:59:02.72, *   , DISTUR , ........    ,                       , MTA_IX                           , 3152, 1575 COMPONENT NOT ACCEPTED BY REMOTE END                            ,     24 17 06 00 0E 97 84 91 21 27 85 35 02 FF FF 
,     <HIST> , SNX05                  , IPPU-6      , SWITCH    , 2017-07-11  06:03:37.88, *   , ALARM  , IPPU-6      , 1A003-00-10           , GLP_GX                           , 6836, 3152 LIB CONNECTION FAILURE                                          ,     C0 11 13 0D 00 00 00 00 00 00 00 00 00 00 00 00 
,     <HIST> , SNX05                  , IPPU-6      , SWITCH    , 2017-07-11  06:04:39.92, .   , CANCEL , IPPU-6      , 1A003-00-10           , GLP_GX                           , 6836, 3152 LIB CONNECTION FAILURE                                          ,     C0 11 13 0D 00 00 00 00 00 00 00 00 00 00 00 00 
,     <HIST> , SNX05                  , IPPU-6      , SWITCH    , 2017-07-11  06:08:30.18, *   , ALARM  , IPPU-6      , 1A003-00-10           , GLP_GX                           , 6837, 3152 LIB CONNECTION FAILURE                                          ,     C0 11 13 0D 00 00 00 00 00 00 00 00 00 00 00 00 
,     <HIST> , SNX05                  , IPPU-6      , SWITCH    , 2017-07-11  06:09:21.85, .   , CANCEL , IPPU-6      , 1A003-00-10           , GLP_GX                           , 6837, 3152 LIB CONNECTION FAILURE                                          ,     C0 11 13 0D 00 00 00 00 00 00 00 00 00 00 00 00 
,     <HIST> , SNX05                  , IPPU-6      , SWITCH    , 2017-07-11  06:10:42.80, *   , ALARM  , IPPU-6      , 1A003-00-10           , GLP_GX                           , 6840, 3152 LIB CONNECTION FAILURE                                          ,     C0 11 13 0D 00 00 00 00 00 00 00 00 00 00 00 00 
,     <HIST> , SNX05                  , IPPU-6      , SWITCH    , 2017-07-11  06:11:37.43, .   , CANCEL , IPPU-6      , 1A003-00-10           , GLP_GX                           , 6840, 3152 LIB CONNECTION FAILURE                                          ,     C0 11 13 0D 00 00 00 00 00 00 00 00 00 00 00 00 
,     <HIST> , SNX05                  , IPPU-6      , SWITCH    , 2017-07-11  06:12:02.75, *   , ALARM  , IPPU-6      , 1A003-00-10           , GLP_GX                           , 6842, 3152 LIB CONNECTION FAILURE                                          ,     C0 11 13 0D 00 00 00 00 00 00 00 00 00 00 00 00 
,     <HIST> , SNX05                  , IPPU-6      , SWITCH    , 2017-07-11  06:13:00.62, .   , CANCEL , IPPU-6      , 1A003-00-10           , GLP_GX                           , 6842, 3152 LIB CONNECTION FAILURE                                          ,     C0 11 13 0D 00 00 00 00 00 00 00 00 00 00 00 00 
,     <HIST> , SNX05                  , IPPU-6      , SWITCH    , 2017-07-11  11:38:49.15, *   , ALARM  , IPPU-6      , 1A003-00-10           , GLP_GX                           , 6889, 3152 LIB CONNECTION FAILURE                                          ,     C0 11 13 0D 00 00 00 00 00 00 00 00 00 00 00 00 
,     <HIST> , SNX05                  , IPPU-6      , SWITCH    , 2017-07-11  11:39:41.96, .   , CANCEL , IPPU-6      , 1A003-00-10           , GLP_GX                           , 6889, 3152 LIB CONNECTION FAILURE                                          ,     C0 11 13 0D 00 00 00 00 00 00 00 00 00 00 00 00 
,     <HIST> , SNX05                  , IPPU-6      , SWITCH    , 2017-07-11  11:39:55.12, *   , ALARM  , IPPU-6      , 1A003-00-10           , GLP_GX                           , 6890, 3152 LIB CONNECTION FAILURE                                          ,     C0 11 13 0D 00 00 00 00 00 00 00 00 00 00 00 00 
,     <HIST> , SNX05                  , IPPU-6      , SWITCH    , 2017-07-11  11:40:49.48, .   , CANCEL , IPPU-6      , 1A003-00-10           , GLP_GX                           , 6890, 3152 LIB CONNECTION FAILURE                                          ,     C0 11 13 0D 00 00 00 00 00 00 00 00 00 00 00 00 
,     <HIST> , SNY03                  , SMMU-2      , SWITCH    , 2017-07-09  02:58:43.42, *   , DISTUR , ........    ,                       , MTA_IX                           , 3152, 1575 COMPONENT NOT ACCEPTED BY REMOTE END                            ,     24 17 06 00 0E 97 84 91 21 29 27 16 11 FF FF 
,     <HIST> , SNY03                  , SMMU-2      , SWITCH    , 2017-07-09  09:13:54.53, *   , DISTUR , ........    ,                       , MTA_IX                           , 3152, 1575 COMPONENT NOT ACCEPTED BY REMOTE END                            ,     24 17 06 00 0E 97 84 91 10 53 54 54 65 FF FF 
,     <HIST> , SNY03                  , MCHU-1      , SWITCH    , 2017-07-09  15:10:00.00, *   , DISTUR , MCHU-1      , 1A001-00-15           , SS2PRO                           , 3152, 1169 FREEZING PERIOD OF SS7 REPORTING LOST                           ,     04 08EC0000 
,     <HIST> , SNY03                  , SMMU-2      , SWITCH    , 2017-07-09  20:35:02.37, *   , DISTUR , ........    ,                       , MTA_IX                           , 3152, 1575 COMPONENT NOT ACCEPTED BY REMOTE END                            ,     24 17 06 00 0E 97 84 91 21 38 45 17 39 FF FF 
,     <HIST> , SNY03                  , SMMU-3      , SWITCH    , 2017-07-10  02:36:04.26, *   , DISTUR , ........    ,                       , MTA_IX                           , 3152, 1575 COMPONENT NOT ACCEPTED BY REMOTE END                            ,     24 17 06 00 0E 97 84 91 21 55 83 97 29 FF FF 
,     <HIST> , SNY03                  , SMMU-2      , SWITCH    , 2017-07-10  08:42:32.10, *   , DISTUR , ........    ,                       , MTA_IX                           , 3152, 1575 COMPONENT NOT ACCEPTED BY REMOTE END                            ,     24 17 06 00 0E 97 84 91 21 22 32 83 31 FF FF 
,     <HIST> , SNY03                  , IPPU-1      , SWITCH    , 2017-07-10  12:17:30.93, *   , ALARM  , IPPU-1      , 1A001-00-11           , GLP_GX                           , 5041, 3152 LIB CONNECTION FAILURE                                          ,     C0 A8 01 2D 00 00 00 00 00 00 00 00 00 00 00 00 
,     <HIST> , SNY03                  , IPPU-1      , SWITCH    , 2017-07-10  12:18:43.38, .   , CANCEL , IPPU-1      , 1A001-00-11           , GLP_GX                           , 5041, 3152 LIB CONNECTION FAILURE                                          ,     C0 A8 01 2D 00 00 00 00 00 00 00 00 00 00 00 00 
,     <HIST> , SNY03                  , IPPU-1      , SWITCH    , 2017-07-10  12:19:09.68, *   , ALARM  , IPPU-1      , 1A001-00-11           , GLP_GX                           , 5042, 3152 LIB CONNECTION FAILURE                                          ,     C0 A8 01 2D 00 00 00 00 00 00 00 00 00 00 00 00 
,     <HIST> , SNY03                  , IPPU-1      , SWITCH    , 2017-07-10  12:19:09.68, .   , CANCEL , IPPU-1      , 1A001-00-11           , GLP_GX                           , 5042, 3152 LIB CONNECTION FAILURE                                          ,     C0 A8 01 2D 00 00 00 00 00 00 00 00 00 00 00 00 
,     <HIST> , SNY03                  , SMMU-3      , SWITCH    , 2017-07-10  14:23:53.25, *   , DISTUR , ........    ,                       , MTA_IX                           , 3152, 1575 COMPONENT NOT ACCEPTED BY REMOTE END                            ,     24 17 06 00 0E 97 84 91 20 69 88 47 74 FF FF 
,     <HIST> , SNY03                  , SMMU-3      , SWITCH    , 2017-07-10  20:16:43.15, *   , DISTUR , ........    ,                       , MTA_IX                           , 3152, 1575 COMPONENT NOT ACCEPTED BY REMOTE END                            ,     24 17 06 00 0E 97 84 91 90 70 11 12 34 FF FF 
,     <HIST> , SNY03                  , SMMU-1      , SWITCH    , 2017-07-11  03:18:31.82, *   , DISTUR , ........    ,                       , MTA_IX                           , 3152, 1575 COMPONENT NOT ACCEPTED BY REMOTE END                            ,     24 17 06 00 0E 97 84 91 20 97 90 26 81 FF FF 
,     <HIST> , SNY03                  , IPPU-4      , SWITCH    , 2017-07-11  07:13:53.67, *   , ALARM  , IPPU-4      , 1A002-00-11           , GLP_GX                           , 5291, 3152 LIB CONNECTION FAILURE                                          ,     C0 11 13 0E 00 00 00 00 00 00 00 00 00 00 00 00 
,     <HIST> , SNY03                  , IPPU-4      , SWITCH    , 2017-07-11  07:14:16.08, .   , CANCEL , IPPU-4      , 1A002-00-11           , GLP_GX                           , 5291, 3152 LIB CONNECTION FAILURE                                          ,     C0 11 13 0E 00 00 00 00 00 00 00 00 00 00 00 00 
,     <HIST> , SNY03                  , SMMU-3      , SWITCH    , 2017-07-11  10:19:11.59, *   , DISTUR , ........    ,                       , MTA_IX                           , 3152, 1575 COMPONENT NOT ACCEPTED BY REMOTE END                            ,     24 17 06 00 0E 97 84 91 21 22 03 01 31 FF FF 
,     <HIST> , SNZ03                  , IPPU-2      , SWITCH    , 2017-07-09  00:29:14.53, *   , ALARM  , IPPU-2      , 1A002-00-13           , GLP_GX                           , 0734, 3152 LIB CONNECTION FAILURE                                          ,     C0 11 13 0C 00 00 00 00 00 00 00 00 00 00 00 00 
,     <HIST> , SNZ03                  , IPPU-2      , SWITCH    , 2017-07-09  00:30:09.01, .   , CANCEL , IPPU-2      , 1A002-00-13           , GLP_GX                           , 0734, 3152 LIB CONNECTION FAILURE                                          ,     C0 11 13 0C 00 00 00 00 00 00 00 00 00 00 00 00 
,     <HIST> , SNZ03                  , SMMU-2      , SWITCH    , 2017-07-09  05:29:39.51, *   , DISTUR , ........    ,                       , MTA_IX                           , 3152, 1575 COMPONENT NOT ACCEPTED BY REMOTE END                            ,     24 17 06 00 0E 97 84 91 10 52 50 33 54 FF FF 
,     <HIST> , SNZ03                  , SMMU-2      , SWITCH    , 2017-07-09  11:27:58.48, *   , DISTUR , ........    ,                       , MTA_IX                           , 3152, 1575 COMPONENT NOT ACCEPTED BY REMOTE END                            ,     24 17 06 00 0E 97 84 91 21 40 04 40 63 FF FF 
,     <HIST> , SNZ03                  , IPPU-2      , SWITCH    , 2017-07-09  15:58:36.65, *   , ALARM  , IPPU-2      , 1A002-00-13           , GLP_GX                           , 0899, 3152 LIB CONNECTION FAILURE                                          ,     C0 11 13 0C 00 00 00 00 00 00 00 00 00 00 00 00 
,     <HIST> , SNZ03                  , IPPU-2      , SWITCH    , 2017-07-09  15:59:28.83, .   , CANCEL , IPPU-2      , 1A002-00-13           , GLP_GX                           , 0899, 3152 LIB CONNECTION FAILURE                                          ,     C0 11 13 0C 00 00 00 00 00 00 00 00 00 00 00 00 
,     <HIST> , SNZ03                  , IPPU-2      , SWITCH    , 2017-07-09  16:40:17.40, *   , ALARM  , IPPU-2      , 1A002-00-13           , GLP_GX                           , 0905, 3152 LIB CONNECTION FAILURE                                          ,     C0 11 13 0C 00 00 00 00 00 00 00 00 00 00 00 00 
,     <HIST> , SNZ03                  , IPPU-2      , SWITCH    , 2017-07-09  16:41:14.27, .   , CANCEL , IPPU-2      , 1A002-00-13           , GLP_GX                           , 0905, 3152 LIB CONNECTION FAILURE                                          ,     C0 11 13 0C 00 00 00 00 00 00 00 00 00 00 00 00 
,     <HIST> , SNZ03                  , SMMU-0      , SWITCH    , 2017-07-09  17:12:34.49, *   , DISTUR , ........    ,                       , MTA_IX                           , 3152, 1575 COMPONENT NOT ACCEPTED BY REMOTE END                            ,     24 17 06 00 0F 97 85 36 89 89 13 15 12 2F FF 
,     <HIST> , SNZ03                  , IPPU-2      , SWITCH    , 2017-07-09  17:44:25.52, *   , ALARM  , IPPU-2      , 1A002-00-13           , GLP_GX                           , 0915, 3152 LIB CONNECTION FAILURE                                          ,     C0 11 13 0C 00 00 00 00 00 00 00 00 00 00 00 00 
,     <HIST> , SNZ03                  , IPPU-2      , SWITCH    , 2017-07-09  17:44:35.58, .   , CANCEL , IPPU-2      , 1A002-00-13           , GLP_GX                           , 0915, 3152 LIB CONNECTION FAILURE                                          ,     C0 11 13 0C 00 00 00 00 00 00 00 00 00 00 00 00 
,     <HIST> , SNZ03                  , SMMU-0      , SWITCH    , 2017-07-09  22:36:59.63, *   , DISTUR , ........    ,                       , MTA_IX                           , 3152, 1575 COMPONENT NOT ACCEPTED BY REMOTE END                            ,     24 17 06 00 0E 97 84 91 21 66 44 46 59 FF FF 
,     <HIST> , SNZ03                  , SMMU-3      , SWITCH    , 2017-07-10  04:46:23.78, *   , DISTUR , ........    ,                       , MTA_IX                           , 3152, 1575 COMPONENT NOT ACCEPTED BY REMOTE END                            ,     24 17 06 00 0E 97 84 91 10 53 99 89 27 FF FF 
,     <HIST> , SNZ03                  , IPPU-8      , SWITCH    , 2017-07-10  05:28:18.29, *   , ALARM  , IPPU-8      , 1A003-00-12           , GLP_GX                           , 1076, 3152 LIB CONNECTION FAILURE                                          ,     C0 11 13 0E 00 00 00 00 00 00 00 00 00 00 00 00 
,     <HIST> , SNZ03                  , IPPU-8      , SWITCH    , 2017-07-10  05:28:18.29, .   , CANCEL , IPPU-8      , 1A003-00-12           , GLP_GX                           , 1076, 3152 LIB CONNECTION FAILURE                                          ,     C0 11 13 0E 00 00 00 00 00 00 00 00 00 00 00 00 
,     <HIST> , SNZ03                  , SMMU-2      , SWITCH    , 2017-07-10  10:45:06.44, *   , DISTUR , ........    ,                       , MTA_IX                           , 3152, 1575 COMPONENT NOT ACCEPTED BY REMOTE END                            ,     24 17 06 00 0F 97 85 36 89 89 13 15 06 1F FF 
,     <HIST> , SNZ03                  , SMMU-0      , SWITCH    , 2017-07-10  16:36:52.79, *   , DISTUR , ........    ,                       , MTA_IX                           , 3152, 1575 COMPONENT NOT ACCEPTED BY REMOTE END                            ,     24 17 06 00 0E 97 84 91 21 13 33 23 47 FF FF 
,     <HIST> , SNZ03                  , IPPU-2      , SWITCH    , 2017-07-10  16:55:56.35, *   , ALARM  , IPPU-2      , 1A002-00-13           , GLP_GX                           , 1173, 3152 LIB CONNECTION FAILURE                                          ,     C0 11 13 0C 00 00 00 00 00 00 00 00 00 00 00 00 
,     <HIST> , SNZ03                  , IPPU-2      , SWITCH    , 2017-07-10  16:56:52.00, .   , CANCEL , IPPU-2      , 1A002-00-13           , GLP_GX                           , 1173, 3152 LIB CONNECTION FAILURE                                          ,     C0 11 13 0C 00 00 00 00 00 00 00 00 00 00 00 00 
,     <HIST> , SNZ03                  , IPPU-2      , SWITCH    , 2017-07-10  16:57:23.43, *   , ALARM  , IPPU-2      , 1A002-00-13           , GLP_GX                           , 1175, 3152 LIB CONNECTION FAILURE                                          ,     C0 11 13 0C 00 00 00 00 00 00 00 00 00 00 00 00 
,     <HIST> , SNZ03                  , IPPU-2      , SWITCH    , 2017-07-10  16:58:18.97, .   , CANCEL , IPPU-2      , 1A002-00-13           , GLP_GX                           , 1175, 3152 LIB CONNECTION FAILURE                                          ,     C0 11 13 0C 00 00 00 00 00 00 00 00 00 00 00 00 
,     <HIST> , SNZ03                  , IPPU-3      , SWITCH    , 2017-07-10  16:58:28.61, *   , ALARM  , IPPU-3      , 1A002-00-10           , GLP_GX                           , 1176, 3152 LIB CONNECTION FAILURE                                          ,     C0 11 13 0C 00 00 00 00 00 00 00 00 00 00 00 00 
,     <HIST> , SNZ03                  , IPPU-3      , SWITCH    , 2017-07-10  16:58:33.62, .   , CANCEL , IPPU-3      , 1A002-00-10           , GLP_GX                           , 1176, 3152 LIB CONNECTION FAILURE                                          ,     C0 11 13 0C 00 00 00 00 00 00 00 00 00 00 00 00 
,     <HIST> , SNZ03                  , IPPU-3      , SWITCH    , 2017-07-10  16:58:39.37, *   , ALARM  , IPPU-3      , 1A002-00-10           , GLP_GX                           , 1177, 3152 LIB CONNECTION FAILURE                                          ,     C0 11 13 0C 00 00 00 00 00 00 00 00 00 00 00 00 
,     <HIST> , SNZ03                  , IPPU-2      , SWITCH    , 2017-07-10  16:58:45.57, *   , ALARM  , IPPU-2      , 1A002-00-13           , GLP_GX                           , 1178, 3152 LIB CONNECTION FAILURE                                          ,     C0 11 13 0C 00 00 00 00 00 00 00 00 00 00 00 00 
,     <HIST> , SNZ03                  , IPPU-3      , SWITCH    , 2017-07-10  16:58:55.17, .   , CANCEL , IPPU-3      , 1A002-00-10           , GLP_GX                           , 1177, 3152 LIB CONNECTION FAILURE                                          ,     C0 11 13 0C 00 00 00 00 00 00 00 00 00 00 00 00 
,     <HIST> , SNZ03                  , IPPU-2      , SWITCH    , 2017-07-10  16:59:36.79, .   , CANCEL , IPPU-2      , 1A002-00-13           , GLP_GX                           , 1178, 3152 LIB CONNECTION FAILURE                                          ,     C0 11 13 0C 00 00 00 00 00 00 00 00 00 00 00 00 
,     <HIST> , SNZ03                  , IPPU-2      , SWITCH    , 2017-07-10  17:01:36.87, *   , ALARM  , IPPU-2      , 1A002-00-13           , GLP_GX                           , 1180, 3152 LIB CONNECTION FAILURE                                          ,     C0 11 13 0C 00 00 00 00 00 00 00 00 00 00 00 00 
,     <HIST> , SNZ03                  , IPPU-2      , SWITCH    , 2017-07-10  17:02:37.48, .   , CANCEL , IPPU-2      , 1A002-00-13           , GLP_GX                           , 1180, 3152 LIB CONNECTION FAILURE                                          ,     C0 11 13 0C 00 00 00 00 00 00 00 00 00 00 00 00 
,     <HIST> , SNZ03                  , IPPU-2      , SWITCH    , 2017-07-10  17:03:09.65, *   , ALARM  , IPPU-2      , 1A002-00-13           , GLP_GX                           , 1181, 3152 LIB CONNECTION FAILURE                                          ,     C0 11 13 0C 00 00 00 00 00 00 00 00 00 00 00 00 
,     <HIST> , SNZ03                  , IPPU-2      , SWITCH    , 2017-07-10  17:04:11.19, .   , CANCEL , IPPU-2      , 1A002-00-13           , GLP_GX                           , 1181, 3152 LIB CONNECTION FAILURE                                          ,     C0 11 13 0C 00 00 00 00 00 00 00 00 00 00 00 00 
,     <HIST> , SNZ03                  , SMMU-2      , SWITCH    , 2017-07-10  22:35:24.35, *   , DISTUR , ........    ,                       , MTA_IX                           , 3152, 1575 COMPONENT NOT ACCEPTED BY REMOTE END                            ,     24 17 06 00 0E 97 84 91 21 55 03 22 96 FF FF 
,     <HIST> , SNZ03                  , SMMU-0      , SWITCH    , 2017-07-11  05:35:39.37, *   , DISTUR , ........    ,                       , MTA_IX                           , 3152, 1575 COMPONENT NOT ACCEPTED BY REMOTE END                            ,     24 17 06 00 0E 97 84 91 20 75 79 51 95 FF FF 
,     <HIST> , SNZ03                  , IPPU-4      , SWITCH    , 2017-07-11  07:13:58.31, *   , ALARM  , IPPU-4      , 1A002-00-11           , GLP_GX                           , 1396, 3152 LIB CONNECTION FAILURE                                          ,     C0 11 13 0D 00 00 00 00 00 00 00 00 00 00 00 00 
,     <HIST> , SNZ03                  , IPPU-4      , SWITCH    , 2017-07-11  07:14:15.77, .   , CANCEL , IPPU-4      , 1A002-00-11           , GLP_GX                           , 1396, 3152 LIB CONNECTION FAILURE                                          ,     C0 11 13 0D 00 00 00 00 00 00 00 00 00 00 00 00 
,     <HIST> , SNZ03                  , SMMU-0      , SWITCH    , 2017-07-11  12:20:14.58, *   , DISTUR , ........    ,                       , MTA_IX                           , 3152, 1575 COMPONENT NOT ACCEPTED BY REMOTE END                            ,     24 17 06 00 0E 97 84 91 21 61 16 43 79 FF FF 
